tweet_id,creation_date,text,media_url,video_url,user,language,favorite_count,retweet_count,reply_count,quote_count,retweet,views,timestamp,video_view_count,in_reply_to_status_id,quoted_status_id,binding_values,expanded_url,retweet_tweet_id,extended_entities,conversation_id,retweet_status,quoted_status,bookmark_count,source,community_note
1840059896169148718,Sat Sep 28 16:04:00 +0000 2024,"My experience with Cursor.

""Write this code for me.""

Lookin good bro! Look at all this time saved!

Run it.

Wait... doesn't work. Wrong in subtle ways.

Spend more time debugging than if I wrote the code.

Who likes debugging more than writing?",[],,"{'creation_date': 'Mon Mar 19 16:01:45 +0000 2012', 'user_id': '529492776', 'username': 'davidnix_', 'name': 'David Nix', 'follower_count': 3180, 'following_count': 991, 'favourites_count': 49673, 'is_private': None, 'is_verified': False, 'is_blue_verified': True, 'location': '', 'profile_pic_url': 'https://pbs.twimg.com/profile_images/1737486447161081856/jI05IRKW_normal.jpg', 'profile_banner_url': 'https://pbs.twimg.com/profile_banners/529492776/1721084753', 'description': 'Software dev turning solopreneur. Go programmer. Domain enthusiast.\n\nWatch my failures and fumbles. \n\nBuilding @YourNextDomain and https://t.co/HzYLMl2MBu', 'external_url': 'http://BrighterBranding.com', 'number_of_tweets': 15900, 'bot': False, 'timestamp': 1332172905, 'has_nft_avatar': False, 'category': None, 'default_profile': True, 'default_profile_image': False, 'listed_count': 59, 'verified_type': None}",en,1789,67,254,42,False,196183,1727539440,,,,,,,,1840059896169148718,,,141,Typefully,
1869859351319720300,Thu Dec 19 21:36:24 +0000 2024,·∂ú·µò ≥À¢·µí ≥ ·∂†·∂¶·µâÀ°·µàÀ¢ ·µÉ·µó ·µÄ ∑·∂¶À°·∂¶·µç ∞·µó üè†ü™ü‚ÜñÔ∏èüåæ‚ú®üåÉ https://t.co/F24zYMu9x4,['https://pbs.twimg.com/tweet_video_thumb/GfMTBjjWsAACPaX.jpg'],"[{'bitrate': 0, 'content_type': 'video/mp4', 'url': 'https://video.twimg.com/tweet_video/GfMTBjjWsAACPaX.mp4'}]","{'creation_date': 'Fri Oct 15 18:18:20 +0000 2021', 'user_id': '1449077146102677507', 'username': 'PERFECTL00P', 'name': '‚ñë perfectloop.tez.‚ñë', 'follower_count': 13680, 'following_count': 1517, 'favourites_count': 16337, 'is_private': None, 'is_verified': False, 'is_blue_verified': True, 'location': 'xyz', 'profile_pic_url': 'https://pbs.twimg.com/profile_images/1828589126460837888/3P5wQkJV_normal.jpg', 'profile_banner_url': 'https://pbs.twimg.com/profile_banners/1449077146102677507/1709874012', 'description': 'High Contrast // High Saturation //Gif Alchemist üßô\u200d‚ôÇÔ∏è// Futurist // Maker of ü§å Loops // https://t.co/iHxlEpxXpq', 'external_url': 'http://objkt.com/profile/perfectloop', 'number_of_tweets': 5273, 'bot': False, 'timestamp': 1634321900, 'has_nft_avatar': False, 'category': None, 'default_profile': True, 'default_profile_image': False, 'listed_count': 151, 'verified_type': None}",tl,2082,299,34,4,False,43904,1734644184,,,,,https://x.com/PERFECTL00P/status/1869859351319720300/photo/1,,"{'media': [{'display_url': 'pic.x.com/F24zYMu9x4', 'expanded_url': 'https://x.com/PERFECTL00P/status/1869859351319720300/photo/1', 'id_str': '1869859187733213184', 'indices': [34, 57], 'media_key': '16_1869859187733213184', 'media_url_https': 'https://pbs.twimg.com/tweet_video_thumb/GfMTBjjWsAACPaX.jpg', 'type': 'animated_gif', 'url': 'https://t.co/F24zYMu9x4', 'ext_media_availability': {'status': 'Available'}, 'sizes': {'large': {'h': 800, 'w': 800, 'resize': 'fit'}, 'medium': {'h': 800, 'w': 800, 'resize': 'fit'}, 'small': {'h': 680, 'w': 680, 'resize': 'fit'}, 'thumb': {'h': 150, 'w': 150, 'resize': 'crop'}}, 'original_info': {'height': 800, 'width': 800, 'focus_rects': []}, 'video_info': {'aspect_ratio': [1, 1], 'variants': [{'bitrate': 0, 'content_type': 'video/mp4', 'url': 'https://video.twimg.com/tweet_video/GfMTBjjWsAACPaX.mp4'}]}}]}",1869859351319720300,,,183,Twitter Web App,
1615539968772050946,Wed Jan 18 02:41:58 +0000 2023,"Introducing Cursor!! (https://t.co/wT5wRe22O2)

A brand new IDE build from the ground up with LLMs. Watch us use Cursor to ship new features blazingly fast. https://t.co/9TqJRq67oJ",['https://pbs.twimg.com/ext_tw_video_thumb/1615536143289966592/pu/img/CDfOVxoOx9_qXKol.jpg'],"[{'content_type': 'application/x-mpegURL', 'url': 'https://video.twimg.com/ext_tw_video/1615536143289966592/pu/pl/87n40Htm0jhuCYz7.m3u8?tag=12'}, {'bitrate': 256000, 'content_type': 'video/mp4', 'url': 'https://video.twimg.com/ext_tw_video/1615536143289966592/pu/vid/480x270/i8aQ802cmr2d1VYu.mp4?tag=12'}, {'bitrate': 832000, 'content_type': 'video/mp4', 'url': 'https://video.twimg.com/ext_tw_video/1615536143289966592/pu/vid/640x360/i3FdwyZre_m9w9bY.mp4?tag=12'}, {'bitrate': 2176000, 'content_type': 'video/mp4', 'url': 'https://video.twimg.com/ext_tw_video/1615536143289966592/pu/vid/1280x720/lrFN9llLlapwd1A8.mp4?tag=12'}]","{'creation_date': 'Fri Apr 02 16:12:00 +0000 2021', 'user_id': '1378017343641640961', 'username': 'amanrsanger', 'name': 'Aman Sanger', 'follower_count': 39740, 'following_count': 707, 'favourites_count': 2420, 'is_private': None, 'is_verified': False, 'is_blue_verified': True, 'location': 'San Francisco, CA', 'profile_pic_url': 'https://pbs.twimg.com/profile_images/1407704462265704456/OiDRC7b-_normal.jpg', 'profile_banner_url': None, 'description': '@cursor_ai founder', 'external_url': 'http://amansanger.com', 'number_of_tweets': 989, 'bot': False, 'timestamp': 1617379920, 'has_nft_avatar': False, 'category': None, 'default_profile': True, 'default_profile_image': False, 'listed_count': 529, 'verified_type': None}",en,3059,347,114,114,False,874953,1674009718,,,,,https://x.com/amanrsanger/status/1615539968772050946/video/1,,"{'media': [{'display_url': 'pic.x.com/9TqJRq67oJ', 'expanded_url': 'https://x.com/amanrsanger/status/1615539968772050946/video/1', 'id_str': '1615536143289966592', 'indices': [157, 180], 'media_key': '7_1615536143289966592', 'media_url_https': 'https://pbs.twimg.com/ext_tw_video_thumb/1615536143289966592/pu/img/CDfOVxoOx9_qXKol.jpg', 'type': 'video', 'url': 'https://t.co/9TqJRq67oJ', 'additional_media_info': {'monetizable': False}, 'ext_media_availability': {'status': 'Available'}, 'sizes': {'large': {'h': 1080, 'w': 1920, 'resize': 'fit'}, 'medium': {'h': 675, 'w': 1200, 'resize': 'fit'}, 'small': {'h': 383, 'w': 680, 'resize': 'fit'}, 'thumb': {'h': 150, 'w': 150, 'resize': 'crop'}}, 'original_info': {'height': 1080, 'width': 1920, 'focus_rects': []}, 'video_info': {'aspect_ratio': [16, 9], 'duration_millis': 78845, 'variants': [{'content_type': 'application/x-mpegURL', 'url': 'https://video.twimg.com/ext_tw_video/1615536143289966592/pu/pl/87n40Htm0jhuCYz7.m3u8?tag=12'}, {'bitrate': 256000, 'content_type': 'video/mp4', 'url': 'https://video.twimg.com/ext_tw_video/1615536143289966592/pu/vid/480x270/i8aQ802cmr2d1VYu.mp4?tag=12'}, {'bitrate': 832000, 'content_type': 'video/mp4', 'url': 'https://video.twimg.com/ext_tw_video/1615536143289966592/pu/vid/640x360/i3FdwyZre_m9w9bY.mp4?tag=12'}, {'bitrate': 2176000, 'content_type': 'video/mp4', 'url': 'https://video.twimg.com/ext_tw_video/1615536143289966592/pu/vid/1280x720/lrFN9llLlapwd1A8.mp4?tag=12'}]}}]}",1615539968772050946,,,1249,Twitter Web App,
1887486904469262837,Thu Feb 06 13:02:00 +0000 2025,"We have created a list of Cursor rules you can copy and paste into your codebase! 

Each rule comes with a sample description and glob pattern so that your rule is only applied to the appropriate use case. 

What other sample rules should we create on top of what we have now? https://t.co/M0wc2Y6cz7",['https://pbs.twimg.com/ext_tw_video_thumb/1887352316623491072/pu/img/7D33dKMYxpCzfWoy.jpg'],"[{'content_type': 'application/x-mpegURL', 'url': 'https://video.twimg.com/ext_tw_video/1887352316623491072/pu/pl/EwYwx6yznXObqfg8.m3u8?tag=12&v=cfc'}, {'bitrate': 256000, 'content_type': 'video/mp4', 'url': 'https://video.twimg.com/ext_tw_video/1887352316623491072/pu/vid/avc1/432x270/SZyTPqVKsX3BeYkJ.mp4?tag=12'}, {'bitrate': 832000, 'content_type': 'video/mp4', 'url': 'https://video.twimg.com/ext_tw_video/1887352316623491072/pu/vid/avc1/576x360/Vpe84YiHL-WN4RJU.mp4?tag=12'}, {'bitrate': 2176000, 'content_type': 'video/mp4', 'url': 'https://video.twimg.com/ext_tw_video/1887352316623491072/pu/vid/avc1/1152x720/mW9Y31K9EeCEJ6Xk.mp4?tag=12'}]","{'creation_date': 'Tue Nov 20 11:02:12 +0000 2012', 'user_id': '960273380', 'username': 'dshukertjr', 'name': 'Tyler Shukert', 'follower_count': 12699, 'following_count': 98, 'favourites_count': 21341, 'is_private': None, 'is_verified': False, 'is_blue_verified': True, 'location': 'Tokyo, Japan', 'profile_pic_url': 'https://pbs.twimg.com/profile_images/1648855796179156992/zLtBu1wG_normal.jpg', 'profile_banner_url': 'https://pbs.twimg.com/profile_banners/960273380/1744331288', 'description': 'DevRel engineer @supabase ‚ö°Ô∏è\nFollow for Supabase tips!', 'external_url': 'https://supabase.com', 'number_of_tweets': 7740, 'bot': False, 'timestamp': 1353409332, 'has_nft_avatar': False, 'category': None, 'default_profile': False, 'default_profile_image': False, 'listed_count': 126, 'verified_type': None}",en,1163,81,21,7,False,124510,1738846920,,,,,https://x.com/dshukertjr/status/1887486904469262837/video/1,,"{'media': [{'display_url': 'pic.x.com/M0wc2Y6cz7', 'expanded_url': 'https://x.com/dshukertjr/status/1887486904469262837/video/1', 'id_str': '1887352316623491072', 'indices': [277, 300], 'media_key': '7_1887352316623491072', 'media_url_https': 'https://pbs.twimg.com/ext_tw_video_thumb/1887352316623491072/pu/img/7D33dKMYxpCzfWoy.jpg', 'type': 'video', 'url': 'https://t.co/M0wc2Y6cz7', 'additional_media_info': {'monetizable': False}, 'ext_media_availability': {'status': 'Available'}, 'sizes': {'large': {'h': 1280, 'w': 2048, 'resize': 'fit'}, 'medium': {'h': 750, 'w': 1200, 'resize': 'fit'}, 'small': {'h': 425, 'w': 680, 'resize': 'fit'}, 'thumb': {'h': 150, 'w': 150, 'resize': 'crop'}}, 'original_info': {'height': 1350, 'width': 2160, 'focus_rects': []}, 'video_info': {'aspect_ratio': [8, 5], 'duration_millis': 23356, 'variants': [{'content_type': 'application/x-mpegURL', 'url': 'https://video.twimg.com/ext_tw_video/1887352316623491072/pu/pl/EwYwx6yznXObqfg8.m3u8?tag=12&v=cfc'}, {'bitrate': 256000, 'content_type': 'video/mp4', 'url': 'https://video.twimg.com/ext_tw_video/1887352316623491072/pu/vid/avc1/432x270/SZyTPqVKsX3BeYkJ.mp4?tag=12'}, {'bitrate': 832000, 'content_type': 'video/mp4', 'url': 'https://video.twimg.com/ext_tw_video/1887352316623491072/pu/vid/avc1/576x360/Vpe84YiHL-WN4RJU.mp4?tag=12'}, {'bitrate': 2176000, 'content_type': 'video/mp4', 'url': 'https://video.twimg.com/ext_tw_video/1887352316623491072/pu/vid/avc1/1152x720/mW9Y31K9EeCEJ6Xk.mp4?tag=12'}]}}]}",1887486904469262837,,,2581,TweetDeck Web App,
1827946405966856325,Mon Aug 26 05:49:19 +0000 2024,"Cursor‰Ωø„ÅÜ‰∫∫„ÅØÂøÖË¶ã„ÅÆ„Çµ„Ç§„ÉàË¶ã„Å§„Åë„ÅüüëÄ

AI„Éó„É≠„Ç∞„É©„Éü„É≥„Ç∞„ÇíË°å„ÅÜ„Åü„ÇÅ„Å´ÊúÄÈÅ©Âåñ„Åï„Çå„ÅüË®≠ÂÆö„ÇÑ„Éó„É≠„É≥„Éó„Éà„Åå„Åü„Åè„Åï„ÇìËºâ„Å£„Å¶„Çã„Çâ„Åó„ÅÑÔºÅ
„Åì„Çå‰Ωø„Åà„Å∞Cursor„ÅÆÂäõ„ÇíÊúÄÂ§ßÈôêÊ¥ª„Åã„Åõ„Åù„ÅÜüî•

AI √ó„Éó„É≠„Ç∞„É©„Éü„É≥„Ç∞„ÇíË°å„ÅÜÊñπ„ÅØ„ÉÅ„Çß„ÉÉ„ÇØÂøÖÈ†à„Åß„Åô‚òëÔ∏è
 https://t.co/hdrOEDvvmG",['https://pbs.twimg.com/ext_tw_video_thumb/1827923690929221632/pu/img/qKNfUmZRMY6ndxu_.jpg'],"[{'content_type': 'application/x-mpegURL', 'url': 'https://video.twimg.com/ext_tw_video/1827923690929221632/pu/pl/FX2rzMI_OTxw9YWE.m3u8?tag=12&v=576'}, {'bitrate': 256000, 'content_type': 'video/mp4', 'url': 'https://video.twimg.com/ext_tw_video/1827923690929221632/pu/vid/avc1/430x270/WmiITz6_5fWLzyWS.mp4?tag=12'}, {'bitrate': 832000, 'content_type': 'video/mp4', 'url': 'https://video.twimg.com/ext_tw_video/1827923690929221632/pu/vid/avc1/574x360/PvhaUEHJeiLVe5Dx.mp4?tag=12'}, {'bitrate': 2176000, 'content_type': 'video/mp4', 'url': 'https://video.twimg.com/ext_tw_video/1827923690929221632/pu/vid/avc1/1150x720/RFnrmDJHKq6GFawI.mp4?tag=12'}]","{'creation_date': 'Fri Jan 27 09:10:50 +0000 2023', 'user_id': '1618899278025609217', 'username': 'rik423__ai', 'name': 'ÁêÜ‰πÖ', 'follower_count': 3934, 'following_count': 492, 'favourites_count': 5343, 'is_private': None, 'is_verified': False, 'is_blue_verified': True, 'location': '', 'profile_pic_url': 'https://pbs.twimg.com/profile_images/1787982099041132544/OhQg-Wlh_normal.jpg', 'profile_banner_url': 'https://pbs.twimg.com/profile_banners/1618899278025609217/1717933348', 'description': 'ÊÖ∂Êáâ‚ÜíÊ†™Âºè‰ºöÁ§æ„Éî„Éç„Ç¢„É´ | Dify„Ç®„É≥„Ç∏„Éã„Ç¢ | ÁîüÊàêAI„Äå„ÇÑ„Å£„Å¶„Åø„Çã„Äç„Ç≥„Éü„É•„Éã„ÉÜ„Ç£ „Ç≥„Éü„É•„Éã„ÉÜ„Ç£„É™„Éº„ÉÄ„Éº | „ÇΩ„Éï„Éà„Éê„É≥„ÇØÁô∫„ÅÆÁîüÊàêAI„Ç®„Éº„Ç∏„Çß„É≥„Éàsatto„ÅÆÂÖ¨Âºè„Ç®„Éê„É≥„Ç∏„Çß„É™„Çπ„Éà | Á†î‰øÆ„ÉªÈñãÁô∫„ÅÆ‰æùÈ†º„ÅØDM„Åæ„Åß‚úâÔ∏è', 'external_url': 'https://note.com/riku0423/', 'number_of_tweets': 2364, 'bot': False, 'timestamp': 1674810650, 'has_nft_avatar': False, 'category': None, 'default_profile': True, 'default_profile_image': False, 'listed_count': 89, 'verified_type': None}",ja,590,47,5,10,False,77581,1724651359,,,,,https://x.com/imxiaohu/status/1827925636314480959/video/1,,"{'media': [{'display_url': 'pic.x.com/hdrOEDvvmG', 'expanded_url': 'https://x.com/imxiaohu/status/1827925636314480959/video/1', 'id_str': '1827923690929221632', 'indices': [119, 142], 'media_key': '7_1827923690929221632', 'media_url_https': 'https://pbs.twimg.com/ext_tw_video_thumb/1827923690929221632/pu/img/qKNfUmZRMY6ndxu_.jpg', 'source_status_id_str': '1827925636314480959', 'source_user_id_str': '1764818331822182400', 'type': 'video', 'url': 'https://t.co/hdrOEDvvmG', 'additional_media_info': {'monetizable': False, 'source_user': {'user_results': {'result': {'__typename': 'User', 'id': 'VXNlcjoxNzY0ODE4MzMxODIyMTgyNDAw', 'rest_id': '1764818331822182400', 'affiliates_highlighted_label': {}, 'has_graduated_access': True, 'is_blue_verified': True, 'profile_image_shape': 'Circle', 'legacy': {'can_dm': True, 'can_media_tag': True, 'created_at': 'Tue Mar 05 01:01:23 +0000 2024', 'default_profile': True, 'default_profile_image': False, 'description': 'Weibo 527w Ë∂ÖÈ´òËøáÊ∞îÁßëÊäÄÂçö‰∏ª„ÄÅWaytoAGI‰πãÈπøÈ•≤ÂÖªÂëò„ÄÅhttps://t.co/7dEiCJ7Us5È¶ñÂ∏≠ÁºñÊí∞ÂÆòÔºÅ\n\n‰ºöÂëòÊúçÂä°Ôºöhttps://t.co/wxu0447S0I', 'entities': {'description': {'urls': [{'display_url': 'XiaoHu.AI', 'expanded_url': 'http://XiaoHu.AI', 'url': 'https://t.co/7dEiCJ7Us5', 'indices': [34, 57]}, {'display_url': 'xiaohu.ai/c/start-here/x‚Ä¶', 'expanded_url': 'https://www.xiaohu.ai/c/start-here/xiaohu-ai-vip', 'url': 'https://t.co/wxu0447S0I', 'indices': [70, 93]}]}, 'url': {'urls': [{'display_url': 'xiaohu.ai', 'expanded_url': 'http://xiaohu.ai', 'url': 'https://t.co/4PVaHEr5r3', 'indices': [0, 23]}]}}, 'fast_followers_count': 0, 'favourites_count': 1572, 'followers_count': 67683, 'friends_count': 1364, 'has_custom_timelines': False, 'is_translator': False, 'listed_count': 760, 'location': 'Mars', 'media_count': 3765, 'name': 'Â∞è‰∫í', 'normal_followers_count': 67683, 'pinned_tweet_ids_str': [], 'possibly_sensitive': False, 'profile_banner_url': 'https://pbs.twimg.com/profile_banners/1764818331822182400/1717126346', 'profile_image_url_https': 'https://pbs.twimg.com/profile_images/1765404718959095808/BX7VN1hS_normal.jpg', 'profile_interstitial_type': '', 'screen_name': 'imxiaohu', 'statuses_count': 6065, 'translator_type': 'none', 'url': 'https://t.co/4PVaHEr5r3', 'verified': False, 'want_retweets': False, 'withheld_in_countries': []}}}}}, 'ext_media_availability': {'status': 'Available'}, 'sizes': {'large': {'h': 720, 'w': 1150, 'resize': 'fit'}, 'medium': {'h': 720, 'w': 1150, 'resize': 'fit'}, 'small': {'h': 426, 'w': 680, 'resize': 'fit'}, 'thumb': {'h': 150, 'w': 150, 'resize': 'crop'}}, 'original_info': {'height': 720, 'width': 1150, 'focus_rects': []}, 'video_info': {'aspect_ratio': [115, 72], 'duration_millis': 35933, 'variants': [{'content_type': 'application/x-mpegURL', 'url': 'https://video.twimg.com/ext_tw_video/1827923690929221632/pu/pl/FX2rzMI_OTxw9YWE.m3u8?tag=12&v=576'}, {'bitrate': 256000, 'content_type': 'video/mp4', 'url': 'https://video.twimg.com/ext_tw_video/1827923690929221632/pu/vid/avc1/430x270/WmiITz6_5fWLzyWS.mp4?tag=12'}, {'bitrate': 832000, 'content_type': 'video/mp4', 'url': 'https://video.twimg.com/ext_tw_video/1827923690929221632/pu/vid/avc1/574x360/PvhaUEHJeiLVe5Dx.mp4?tag=12'}, {'bitrate': 2176000, 'content_type': 'video/mp4', 'url': 'https://video.twimg.com/ext_tw_video/1827923690929221632/pu/vid/avc1/1150x720/RFnrmDJHKq6GFawI.mp4?tag=12'}]}}]}",1827946405966856325,,,728,Twitter for iPhone,
1869859351319720300,Thu Dec 19 21:36:24 +0000 2024,·∂ú·µò ≥À¢·µí ≥ ·∂†·∂¶·µâÀ°·µàÀ¢ ·µÉ·µó ·µÄ ∑·∂¶À°·∂¶·µç ∞·µó üè†ü™ü‚ÜñÔ∏èüåæ‚ú®üåÉ https://t.co/F24zYMu9x4,['https://pbs.twimg.com/tweet_video_thumb/GfMTBjjWsAACPaX.jpg'],"[{'bitrate': 0, 'content_type': 'video/mp4', 'url': 'https://video.twimg.com/tweet_video/GfMTBjjWsAACPaX.mp4'}]","{'creation_date': 'Fri Oct 15 18:18:20 +0000 2021', 'user_id': '1449077146102677507', 'username': 'PERFECTL00P', 'name': '‚ñë perfectloop.tez.‚ñë', 'follower_count': 13680, 'following_count': 1517, 'favourites_count': 16337, 'is_private': None, 'is_verified': False, 'is_blue_verified': True, 'location': 'xyz', 'profile_pic_url': 'https://pbs.twimg.com/profile_images/1828589126460837888/3P5wQkJV_normal.jpg', 'profile_banner_url': 'https://pbs.twimg.com/profile_banners/1449077146102677507/1709874012', 'description': 'High Contrast // High Saturation //Gif Alchemist üßô\u200d‚ôÇÔ∏è// Futurist // Maker of ü§å Loops // https://t.co/iHxlEpxXpq', 'external_url': 'http://objkt.com/profile/perfectloop', 'number_of_tweets': 5273, 'bot': False, 'timestamp': 1634321900, 'has_nft_avatar': False, 'category': None, 'default_profile': True, 'default_profile_image': False, 'listed_count': 151, 'verified_type': None}",tl,2082,299,34,4,False,43904,1734644184,,,,,https://x.com/PERFECTL00P/status/1869859351319720300/photo/1,,"{'media': [{'display_url': 'pic.x.com/F24zYMu9x4', 'expanded_url': 'https://x.com/PERFECTL00P/status/1869859351319720300/photo/1', 'id_str': '1869859187733213184', 'indices': [34, 57], 'media_key': '16_1869859187733213184', 'media_url_https': 'https://pbs.twimg.com/tweet_video_thumb/GfMTBjjWsAACPaX.jpg', 'type': 'animated_gif', 'url': 'https://t.co/F24zYMu9x4', 'ext_media_availability': {'status': 'Available'}, 'sizes': {'large': {'h': 800, 'w': 800, 'resize': 'fit'}, 'medium': {'h': 800, 'w': 800, 'resize': 'fit'}, 'small': {'h': 680, 'w': 680, 'resize': 'fit'}, 'thumb': {'h': 150, 'w': 150, 'resize': 'crop'}}, 'original_info': {'height': 800, 'width': 800, 'focus_rects': []}, 'video_info': {'aspect_ratio': [1, 1], 'variants': [{'bitrate': 0, 'content_type': 'video/mp4', 'url': 'https://video.twimg.com/tweet_video/GfMTBjjWsAACPaX.mp4'}]}}]}",1869859351319720300,,,183,Twitter Web App,
1892436160971944040,Thu Feb 20 04:48:35 +0000 2025,"Cinnamoroll 's Animated Cursors       
DownloadÔºöhttps://t.co/4o21H3W9iw 

Generous client --[Kloud]  commissioned this cursors set and let me to share it. üòäThank you so much !

#„Ç∑„Éä„É¢„É≠„Éº„É´ #„Ç∑„Éä„É¢„É≥ #CINNAMOROLL https://t.co/u5Mq2aYm41",['https://pbs.twimg.com/tweet_video_thumb/GkNIox9bIAAfOX4.jpg'],"[{'bitrate': 0, 'content_type': 'video/mp4', 'url': 'https://video.twimg.com/tweet_video/GkNIox9bIAAfOX4.mp4'}]","{'creation_date': 'Wed Jul 10 03:13:41 +0000 2019', 'user_id': '1148792377366048768', 'username': 'BLZ_pixel', 'name': 'BLZ', 'follower_count': 44149, 'following_count': 1869, 'favourites_count': 663, 'is_private': None, 'is_verified': False, 'is_blue_verified': True, 'location': '', 'profile_pic_url': 'https://pbs.twimg.com/profile_images/1799405640403845120/S4LK2Xe3_normal.png', 'profile_banner_url': 'https://pbs.twimg.com/profile_banners/1148792377366048768/1718489935', 'description': 'Pixel artist\nVgen  ( Commissions ) :  https://t.co/zXRKBomSvD\nKo-fi  ( Cursor Download ) :  https://t.co/gkjN2k5bRt\n\nlanguageÔºö‰∏≠ÂõΩ English Êó•Êú¨Ë™û', 'external_url': 'http://vgen.co/BLZ', 'number_of_tweets': 371, 'bot': False, 'timestamp': 1562728421, 'has_nft_avatar': False, 'category': None, 'default_profile': False, 'default_profile_image': False, 'listed_count': 93, 'verified_type': None}",en,9359,1376,56,103,False,278171,1740026915,,,,,https://x.com/BLZ_pixel/status/1892436160971944040/photo/1,,"{'media': [{'display_url': 'pic.x.com/u5Mq2aYm41', 'expanded_url': 'https://x.com/BLZ_pixel/status/1892436160971944040/photo/1', 'id_str': '1892436133868675072', 'indices': [204, 227], 'media_key': '16_1892436133868675072', 'media_url_https': 'https://pbs.twimg.com/tweet_video_thumb/GkNIox9bIAAfOX4.jpg', 'type': 'animated_gif', 'url': 'https://t.co/u5Mq2aYm41', 'ext_media_availability': {'status': 'Available'}, 'sizes': {'large': {'h': 540, 'w': 540, 'resize': 'fit'}, 'medium': {'h': 540, 'w': 540, 'resize': 'fit'}, 'small': {'h': 540, 'w': 540, 'resize': 'fit'}, 'thumb': {'h': 150, 'w': 150, 'resize': 'crop'}}, 'original_info': {'height': 540, 'width': 540, 'focus_rects': []}, 'video_info': {'aspect_ratio': [1, 1], 'variants': [{'bitrate': 0, 'content_type': 'video/mp4', 'url': 'https://video.twimg.com/tweet_video/GkNIox9bIAAfOX4.mp4'}]}}]}",1892436160971944040,,,3689,Twitter Web App,
1840059896169148718,Sat Sep 28 16:04:00 +0000 2024,"My experience with Cursor.

""Write this code for me.""

Lookin good bro! Look at all this time saved!

Run it.

Wait... doesn't work. Wrong in subtle ways.

Spend more time debugging than if I wrote the code.

Who likes debugging more than writing?",[],,"{'creation_date': 'Mon Mar 19 16:01:45 +0000 2012', 'user_id': '529492776', 'username': 'davidnix_', 'name': 'David Nix', 'follower_count': 3180, 'following_count': 991, 'favourites_count': 49673, 'is_private': None, 'is_verified': False, 'is_blue_verified': True, 'location': '', 'profile_pic_url': 'https://pbs.twimg.com/profile_images/1737486447161081856/jI05IRKW_normal.jpg', 'profile_banner_url': 'https://pbs.twimg.com/profile_banners/529492776/1721084753', 'description': 'Software dev turning solopreneur. Go programmer. Domain enthusiast.\n\nWatch my failures and fumbles. \n\nBuilding @YourNextDomain and https://t.co/HzYLMl2MBu', 'external_url': 'http://BrighterBranding.com', 'number_of_tweets': 15900, 'bot': False, 'timestamp': 1332172905, 'has_nft_avatar': False, 'category': None, 'default_profile': True, 'default_profile_image': False, 'listed_count': 59, 'verified_type': None}",en,1789,67,254,42,False,196182,1727539440,,,,,,,,1840059896169148718,,,141,Typefully,
1615539968772050946,Wed Jan 18 02:41:58 +0000 2023,"Introducing Cursor!! (https://t.co/wT5wRe22O2)

A brand new IDE build from the ground up with LLMs. Watch us use Cursor to ship new features blazingly fast. https://t.co/9TqJRq67oJ",['https://pbs.twimg.com/ext_tw_video_thumb/1615536143289966592/pu/img/CDfOVxoOx9_qXKol.jpg'],"[{'content_type': 'application/x-mpegURL', 'url': 'https://video.twimg.com/ext_tw_video/1615536143289966592/pu/pl/87n40Htm0jhuCYz7.m3u8?tag=12'}, {'bitrate': 256000, 'content_type': 'video/mp4', 'url': 'https://video.twimg.com/ext_tw_video/1615536143289966592/pu/vid/480x270/i8aQ802cmr2d1VYu.mp4?tag=12'}, {'bitrate': 832000, 'content_type': 'video/mp4', 'url': 'https://video.twimg.com/ext_tw_video/1615536143289966592/pu/vid/640x360/i3FdwyZre_m9w9bY.mp4?tag=12'}, {'bitrate': 2176000, 'content_type': 'video/mp4', 'url': 'https://video.twimg.com/ext_tw_video/1615536143289966592/pu/vid/1280x720/lrFN9llLlapwd1A8.mp4?tag=12'}]","{'creation_date': 'Fri Apr 02 16:12:00 +0000 2021', 'user_id': '1378017343641640961', 'username': 'amanrsanger', 'name': 'Aman Sanger', 'follower_count': 39741, 'following_count': 707, 'favourites_count': 2420, 'is_private': None, 'is_verified': False, 'is_blue_verified': True, 'location': 'San Francisco, CA', 'profile_pic_url': 'https://pbs.twimg.com/profile_images/1407704462265704456/OiDRC7b-_normal.jpg', 'profile_banner_url': None, 'description': '@cursor_ai founder', 'external_url': 'http://amansanger.com', 'number_of_tweets': 989, 'bot': False, 'timestamp': 1617379920, 'has_nft_avatar': False, 'category': None, 'default_profile': True, 'default_profile_image': False, 'listed_count': 529, 'verified_type': None}",en,3059,347,114,114,False,874952,1674009718,,,,,https://x.com/amanrsanger/status/1615539968772050946/video/1,,"{'media': [{'display_url': 'pic.x.com/9TqJRq67oJ', 'expanded_url': 'https://x.com/amanrsanger/status/1615539968772050946/video/1', 'id_str': '1615536143289966592', 'indices': [157, 180], 'media_key': '7_1615536143289966592', 'media_url_https': 'https://pbs.twimg.com/ext_tw_video_thumb/1615536143289966592/pu/img/CDfOVxoOx9_qXKol.jpg', 'type': 'video', 'url': 'https://t.co/9TqJRq67oJ', 'additional_media_info': {'monetizable': False}, 'ext_media_availability': {'status': 'Available'}, 'sizes': {'large': {'h': 1080, 'w': 1920, 'resize': 'fit'}, 'medium': {'h': 675, 'w': 1200, 'resize': 'fit'}, 'small': {'h': 383, 'w': 680, 'resize': 'fit'}, 'thumb': {'h': 150, 'w': 150, 'resize': 'crop'}}, 'original_info': {'height': 1080, 'width': 1920, 'focus_rects': []}, 'video_info': {'aspect_ratio': [16, 9], 'duration_millis': 78845, 'variants': [{'content_type': 'application/x-mpegURL', 'url': 'https://video.twimg.com/ext_tw_video/1615536143289966592/pu/pl/87n40Htm0jhuCYz7.m3u8?tag=12'}, {'bitrate': 256000, 'content_type': 'video/mp4', 'url': 'https://video.twimg.com/ext_tw_video/1615536143289966592/pu/vid/480x270/i8aQ802cmr2d1VYu.mp4?tag=12'}, {'bitrate': 832000, 'content_type': 'video/mp4', 'url': 'https://video.twimg.com/ext_tw_video/1615536143289966592/pu/vid/640x360/i3FdwyZre_m9w9bY.mp4?tag=12'}, {'bitrate': 2176000, 'content_type': 'video/mp4', 'url': 'https://video.twimg.com/ext_tw_video/1615536143289966592/pu/vid/1280x720/lrFN9llLlapwd1A8.mp4?tag=12'}]}}]}",1615539968772050946,,,1249,Twitter Web App,
1832586054131757184,Sun Sep 08 01:05:37 +0000 2024,"Cursor ÂæàÂ•ΩÂæàÂº∫Ôºå‰ΩÜ‰ºº‰πéÂæàÂ∞ëÁúãÂà∞Êúâ‰∫∫ÂæàÊ∏ÖÊô∞Âú∞ËØ¥Âá∫Â•ΩÂú®Âì™Èáå„ÄÇÊé®Ëçê‰∏§‰∏™ËßÜÈ¢ëÔºåÂàÜÂà´‰ª•‰∫ßÂìÅÁªèÁêÜÂíåÁ®ãÂ∫èÂëòÁöÑËßíËâ≤Âéª‰ΩøÁî® Cursor ÂÆåÊàêÂÖ∑‰ΩìÁöÑ‰ªªÂä°ÔºåÁúãÂÆåÂêé‰ºöËé∑Âæó‚Äú Cursor Á©∂Á´üËÉΩÂÅö‰ªÄ‰πàÔºåËÉΩÂÅöÂ•Ω‰ªÄ‰πà‚ÄùÁõ∏ÂØπÂÖ®Èù¢‰∏îÁõ¥ËßÇÁöÑÊÑüÂèó„ÄÇ

ËßÜÈ¢ë‰∏ÄÔºöhttps://t.co/acbD6jRf0N
ËßÜÈ¢ë‰∫åÔºöhttps://t.co/XrXEHC6GAr
https://t.co/XrXEHC6GAr","['https://pbs.twimg.com/media/GW6mgSra8AAwfFb.jpg', 'https://pbs.twimg.com/media/GW6mgSza8AE6pRU.jpg']",,"{'creation_date': 'Tue Jan 16 02:41:33 +0000 2024', 'user_id': '1747086497520742400', 'username': 'chaosflutt28952', 'name': 'chaosflutter', 'follower_count': 4395, 'following_count': 180, 'favourites_count': 293, 'is_private': None, 'is_verified': False, 'is_blue_verified': True, 'location': '', 'profile_pic_url': 'https://pbs.twimg.com/profile_images/1747796770816696320/V7C39pWn_normal.jpg', 'profile_banner_url': 'https://pbs.twimg.com/profile_banners/1747086497520742400/1712228179', 'description': '- Á®ãÂ∫èÂëò„ÄÅÁîü‰∫ßËÄÖ\n- ‰∫ßÂìÅÔºöhttps://t.co/36R0cfAItqÔºåÈÄöËøáÂú®Á∫øÈòÖËØªÊúâÊïàÁßØÁ¥ØËã±ËØ≠ËØçÊ±áÈáè\n- ‰∫ßÂìÅÔºöhttps://t.co/Fm350NOh5EÔºåÊî∂ËóèÂê∏Êî∂ÈòÖËØª‰∏≠ÁöÑ‰ª∑ÂÄº\n- ÂçöÂÆ¢Ôºöhttps://t.co/Xj3B3TtIlo', 'external_url': 'https://siphon.ink', 'number_of_tweets': 290, 'bot': False, 'timestamp': 1705372893, 'has_nft_avatar': False, 'category': None, 'default_profile': True, 'default_profile_image': False, 'listed_count': 49, 'verified_type': None}",zh,1073,289,11,8,False,71458,1725757537,,,,,https://x.com/chaosflutt28952/status/1832586054131757184/photo/1,,"{'media': [{'display_url': 'pic.x.com/2pg4roxJlq', 'expanded_url': 'https://x.com/chaosflutt28952/status/1832586054131757184/photo/1', 'id_str': '1832585172086353920', 'indices': [169, 192], 'media_key': '3_1832585172086353920', 'media_url_https': 'https://pbs.twimg.com/media/GW6mgSra8AAwfFb.jpg', 'type': 'photo', 'url': 'https://t.co/2pg4roxJlq', 'ext_media_availability': {'status': 'Available'}, 'features': {'large': {'faces': []}, 'medium': {'faces': []}, 'small': {'faces': []}, 'orig': {'faces': []}}, 'sizes': {'large': {'h': 1676, 'w': 2048, 'resize': 'fit'}, 'medium': {'h': 982, 'w': 1200, 'resize': 'fit'}, 'small': {'h': 556, 'w': 680, 'resize': 'fit'}, 'thumb': {'h': 150, 'w': 150, 'resize': 'crop'}}, 'original_info': {'height': 2258, 'width': 2760, 'focus_rects': [{'x': 0, 'y': 712, 'w': 2760, 'h': 1546}, {'x': 0, 'y': 0, 'w': 2258, 'h': 2258}, {'x': 0, 'y': 0, 'w': 1981, 'h': 2258}, {'x': 56, 'y': 0, 'w': 1129, 'h': 2258}, {'x': 0, 'y': 0, 'w': 2760, 'h': 2258}]}}, {'display_url': 'pic.x.com/2pg4roxJlq', 'expanded_url': 'https://x.com/chaosflutt28952/status/1832586054131757184/photo/1', 'id_str': '1832585172119908353', 'indices': [169, 192], 'media_key': '3_1832585172119908353', 'media_url_https': 'https://pbs.twimg.com/media/GW6mgSza8AE6pRU.jpg', 'type': 'photo', 'url': 'https://t.co/2pg4roxJlq', 'ext_media_availability': {'status': 'Available'}, 'features': {'large': {'faces': [{'x': 193, 'y': 687, 'h': 247, 'w': 247}]}, 'medium': {'faces': [{'x': 113, 'y': 402, 'h': 145, 'w': 145}]}, 'small': {'faces': [{'x': 64, 'y': 228, 'h': 82, 'w': 82}]}, 'orig': {'faces': [{'x': 253, 'y': 897, 'h': 323, 'w': 323}]}}, 'sizes': {'large': {'h': 1551, 'w': 2048, 'resize': 'fit'}, 'medium': {'h': 909, 'w': 1200, 'resize': 'fit'}, 'small': {'h': 515, 'w': 680, 'resize': 'fit'}, 'thumb': {'h': 150, 'w': 150, 'resize': 'crop'}}, 'original_info': {'height': 2024, 'width': 2672, 'focus_rects': [{'x': 0, 'y': 528, 'w': 2672, 'h': 1496}, {'x': 0, 'y': 0, 'w': 2024, 'h': 2024}, {'x': 0, 'y': 0, 'w': 1775, 'h': 2024}, {'x': 0, 'y': 0, 'w': 1012, 'h': 2024}, {'x': 0, 'y': 0, 'w': 2672, 'h': 2024}]}}]}",1832586054131757184,,,1155,Twitter Web App,
1840059896169148718,Sat Sep 28 16:04:00 +0000 2024,"My experience with Cursor.

""Write this code for me.""

Lookin good bro! Look at all this time saved!

Run it.

Wait... doesn't work. Wrong in subtle ways.

Spend more time debugging than if I wrote the code.

Who likes debugging more than writing?",[],,"{'creation_date': 'Mon Mar 19 16:01:45 +0000 2012', 'user_id': '529492776', 'username': 'davidnix_', 'name': 'David Nix', 'follower_count': 3180, 'following_count': 991, 'favourites_count': 49673, 'is_private': None, 'is_verified': False, 'is_blue_verified': True, 'location': '', 'profile_pic_url': 'https://pbs.twimg.com/profile_images/1737486447161081856/jI05IRKW_normal.jpg', 'profile_banner_url': 'https://pbs.twimg.com/profile_banners/529492776/1721084753', 'description': 'Software dev turning solopreneur. Go programmer. Domain enthusiast.\n\nWatch my failures and fumbles. \n\nBuilding @YourNextDomain and https://t.co/HzYLMl2MBu', 'external_url': 'http://BrighterBranding.com', 'number_of_tweets': 15900, 'bot': False, 'timestamp': 1332172905, 'has_nft_avatar': False, 'category': None, 'default_profile': True, 'default_profile_image': False, 'listed_count': 59, 'verified_type': None}",en,1789,67,254,42,False,196183,1727539440,,,,,,,,1840059896169148718,,,141,Typefully,
1869859351319720300,Thu Dec 19 21:36:24 +0000 2024,·∂ú·µò ≥À¢·µí ≥ ·∂†·∂¶·µâÀ°·µàÀ¢ ·µÉ·µó ·µÄ ∑·∂¶À°·∂¶·µç ∞·µó üè†ü™ü‚ÜñÔ∏èüåæ‚ú®üåÉ https://t.co/F24zYMu9x4,['https://pbs.twimg.com/tweet_video_thumb/GfMTBjjWsAACPaX.jpg'],"[{'bitrate': 0, 'content_type': 'video/mp4', 'url': 'https://video.twimg.com/tweet_video/GfMTBjjWsAACPaX.mp4'}]","{'creation_date': 'Fri Oct 15 18:18:20 +0000 2021', 'user_id': '1449077146102677507', 'username': 'PERFECTL00P', 'name': '‚ñë perfectloop.tez.‚ñë', 'follower_count': 13680, 'following_count': 1517, 'favourites_count': 16337, 'is_private': None, 'is_verified': False, 'is_blue_verified': True, 'location': 'xyz', 'profile_pic_url': 'https://pbs.twimg.com/profile_images/1828589126460837888/3P5wQkJV_normal.jpg', 'profile_banner_url': 'https://pbs.twimg.com/profile_banners/1449077146102677507/1709874012', 'description': 'High Contrast // High Saturation //Gif Alchemist üßô\u200d‚ôÇÔ∏è// Futurist // Maker of ü§å Loops // https://t.co/iHxlEpxXpq', 'external_url': 'http://objkt.com/profile/perfectloop', 'number_of_tweets': 5273, 'bot': False, 'timestamp': 1634321900, 'has_nft_avatar': False, 'category': None, 'default_profile': True, 'default_profile_image': False, 'listed_count': 151, 'verified_type': None}",tl,2082,299,34,4,False,43904,1734644184,,,,,https://x.com/PERFECTL00P/status/1869859351319720300/photo/1,,"{'media': [{'display_url': 'pic.x.com/F24zYMu9x4', 'expanded_url': 'https://x.com/PERFECTL00P/status/1869859351319720300/photo/1', 'id_str': '1869859187733213184', 'indices': [34, 57], 'media_key': '16_1869859187733213184', 'media_url_https': 'https://pbs.twimg.com/tweet_video_thumb/GfMTBjjWsAACPaX.jpg', 'type': 'animated_gif', 'url': 'https://t.co/F24zYMu9x4', 'ext_media_availability': {'status': 'Available'}, 'sizes': {'large': {'h': 800, 'w': 800, 'resize': 'fit'}, 'medium': {'h': 800, 'w': 800, 'resize': 'fit'}, 'small': {'h': 680, 'w': 680, 'resize': 'fit'}, 'thumb': {'h': 150, 'w': 150, 'resize': 'crop'}}, 'original_info': {'height': 800, 'width': 800, 'focus_rects': []}, 'video_info': {'aspect_ratio': [1, 1], 'variants': [{'bitrate': 0, 'content_type': 'video/mp4', 'url': 'https://video.twimg.com/tweet_video/GfMTBjjWsAACPaX.mp4'}]}}]}",1869859351319720300,,,183,Twitter Web App,
1615539968772050946,Wed Jan 18 02:41:58 +0000 2023,"Introducing Cursor!! (https://t.co/wT5wRe22O2)

A brand new IDE build from the ground up with LLMs. Watch us use Cursor to ship new features blazingly fast. https://t.co/9TqJRq67oJ",['https://pbs.twimg.com/ext_tw_video_thumb/1615536143289966592/pu/img/CDfOVxoOx9_qXKol.jpg'],"[{'content_type': 'application/x-mpegURL', 'url': 'https://video.twimg.com/ext_tw_video/1615536143289966592/pu/pl/87n40Htm0jhuCYz7.m3u8?tag=12'}, {'bitrate': 256000, 'content_type': 'video/mp4', 'url': 'https://video.twimg.com/ext_tw_video/1615536143289966592/pu/vid/480x270/i8aQ802cmr2d1VYu.mp4?tag=12'}, {'bitrate': 832000, 'content_type': 'video/mp4', 'url': 'https://video.twimg.com/ext_tw_video/1615536143289966592/pu/vid/640x360/i3FdwyZre_m9w9bY.mp4?tag=12'}, {'bitrate': 2176000, 'content_type': 'video/mp4', 'url': 'https://video.twimg.com/ext_tw_video/1615536143289966592/pu/vid/1280x720/lrFN9llLlapwd1A8.mp4?tag=12'}]","{'creation_date': 'Fri Apr 02 16:12:00 +0000 2021', 'user_id': '1378017343641640961', 'username': 'amanrsanger', 'name': 'Aman Sanger', 'follower_count': 39740, 'following_count': 707, 'favourites_count': 2420, 'is_private': None, 'is_verified': False, 'is_blue_verified': True, 'location': 'San Francisco, CA', 'profile_pic_url': 'https://pbs.twimg.com/profile_images/1407704462265704456/OiDRC7b-_normal.jpg', 'profile_banner_url': None, 'description': '@cursor_ai founder', 'external_url': 'http://amansanger.com', 'number_of_tweets': 989, 'bot': False, 'timestamp': 1617379920, 'has_nft_avatar': False, 'category': None, 'default_profile': True, 'default_profile_image': False, 'listed_count': 529, 'verified_type': None}",en,3059,347,114,114,False,874953,1674009718,,,,,https://x.com/amanrsanger/status/1615539968772050946/video/1,,"{'media': [{'display_url': 'pic.x.com/9TqJRq67oJ', 'expanded_url': 'https://x.com/amanrsanger/status/1615539968772050946/video/1', 'id_str': '1615536143289966592', 'indices': [157, 180], 'media_key': '7_1615536143289966592', 'media_url_https': 'https://pbs.twimg.com/ext_tw_video_thumb/1615536143289966592/pu/img/CDfOVxoOx9_qXKol.jpg', 'type': 'video', 'url': 'https://t.co/9TqJRq67oJ', 'additional_media_info': {'monetizable': False}, 'ext_media_availability': {'status': 'Available'}, 'sizes': {'large': {'h': 1080, 'w': 1920, 'resize': 'fit'}, 'medium': {'h': 675, 'w': 1200, 'resize': 'fit'}, 'small': {'h': 383, 'w': 680, 'resize': 'fit'}, 'thumb': {'h': 150, 'w': 150, 'resize': 'crop'}}, 'original_info': {'height': 1080, 'width': 1920, 'focus_rects': []}, 'video_info': {'aspect_ratio': [16, 9], 'duration_millis': 78845, 'variants': [{'content_type': 'application/x-mpegURL', 'url': 'https://video.twimg.com/ext_tw_video/1615536143289966592/pu/pl/87n40Htm0jhuCYz7.m3u8?tag=12'}, {'bitrate': 256000, 'content_type': 'video/mp4', 'url': 'https://video.twimg.com/ext_tw_video/1615536143289966592/pu/vid/480x270/i8aQ802cmr2d1VYu.mp4?tag=12'}, {'bitrate': 832000, 'content_type': 'video/mp4', 'url': 'https://video.twimg.com/ext_tw_video/1615536143289966592/pu/vid/640x360/i3FdwyZre_m9w9bY.mp4?tag=12'}, {'bitrate': 2176000, 'content_type': 'video/mp4', 'url': 'https://video.twimg.com/ext_tw_video/1615536143289966592/pu/vid/1280x720/lrFN9llLlapwd1A8.mp4?tag=12'}]}}]}",1615539968772050946,,,1249,Twitter Web App,
1834780577850876376,Sat Sep 14 02:25:52 +0000 2024,"‰∏Ä‰Ωç‰∏≠ÂõΩÂºÄÂèëËÄÖÂºÄÂèë‰∫Ü‰∏Ä‰∏™ÁΩëÁ´ôÔºöCursor101

ÈÄöËøáÊî∂ÈõÜÊïôÁ®ãÔºåÂ∏ÆÂä©Â§ßÂÆ∂Êõ¥Â•ΩÁöÑ‰ΩøÁî® Cursor

https://t.co/WU2ko7VpWn",[],,"{'creation_date': 'Sun Mar 17 08:33:53 +0000 2024', 'user_id': '1769280941888090112', 'username': 'BingxunYao', 'name': 'bingxun yao', 'follower_count': 6213, 'following_count': 418, 'favourites_count': 4201, 'is_private': None, 'is_verified': False, 'is_blue_verified': True, 'location': '', 'profile_pic_url': 'https://pbs.twimg.com/profile_images/1769281162026119168/Zkgz0mpn_normal.jpg', 'profile_banner_url': 'https://pbs.twimg.com/profile_banners/1769280941888090112/1713190832', 'description': 'Co-Founder & CMO at Nextify.\nüåç Ship to everywhere with OneClick: https://t.co/w4haAFOcgZ\nüöÄ Build with Saasfly: https://t.co/XKXdrfNdRT', 'external_url': 'https://oneclick.sh/', 'number_of_tweets': 3501, 'bot': False, 'timestamp': 1710664433, 'has_nft_avatar': False, 'category': None, 'default_profile': True, 'default_profile_image': False, 'listed_count': 0, 'verified_type': None}",zh,824,198,14,6,False,92575,1726280752,,,,,https://cursor101.com/zh,,,1834780577850876376,,,824,Twitter Web App,
1830811159508799806,Tue Sep 03 03:32:49 +0000 2024,"CursorËé∑ÂæóÂ§ßÈáèÂÖ≥Ê≥®Êâç‰ªÖ‰ªÖ‰∏ÄÂë®„ÄÇ

‰∫∫‰ª¨Êó†Ê≥ïÂÅúÊ≠¢‰ΩøÁî®ÂÆÉËøõË°åÂàõ‰Ωú„ÄÇ

10‰∏™ÁñØÁãÇÁöÑ‰æãÂ≠êÔºö https://t.co/hjdyWdI0WE",['https://pbs.twimg.com/ext_tw_video_thumb/1830810211268837379/pu/img/jdvXOkfkZh8Ak9Q8.jpg'],"[{'content_type': 'application/x-mpegURL', 'url': 'https://video.twimg.com/ext_tw_video/1830810211268837379/pu/pl/0u7GiDtVUYSyICCf.m3u8?tag=12'}, {'bitrate': 256000, 'content_type': 'video/mp4', 'url': 'https://video.twimg.com/ext_tw_video/1830810211268837379/pu/vid/avc1/480x270/COqaZGpLFIRp5I_j.mp4?tag=12'}, {'bitrate': 832000, 'content_type': 'video/mp4', 'url': 'https://video.twimg.com/ext_tw_video/1830810211268837379/pu/vid/avc1/640x360/DNe2Y0CvHtO2uGs1.mp4?tag=12'}, {'bitrate': 2176000, 'content_type': 'video/mp4', 'url': 'https://video.twimg.com/ext_tw_video/1830810211268837379/pu/vid/avc1/1280x720/ExuSLGNUBuKsUgsi.mp4?tag=12'}]","{'creation_date': 'Sun Jul 24 17:30:38 +0000 2022', 'user_id': '1551258526584115204', 'username': 'FinanceYF5', 'name': 'AI Will', 'follower_count': 173229, 'following_count': 1374, 'favourites_count': 4955, 'is_private': None, 'is_verified': False, 'is_blue_verified': True, 'location': '', 'profile_pic_url': 'https://pbs.twimg.com/profile_images/1896818103016935424/ucw3T2uW_normal.jpg', 'profile_banner_url': None, 'description': '10Âπ¥ÁªèÈ™åË°å‰∏öÂàÜÊûêÂ∏àÔºåGenAIÂ≠¶‰π†‰∏≠ÔºåLearn in public„ÄÇ\n@GPTDAOGLOBAL ÂàÜÊûêÂ∏à\n@PixVerse_ Â¢ûÈïøÈ°æÈóÆ', 'external_url': 'https://zw73xyquvv.feishu.cn/wiki/UH5QwtUWtis1gTk4R6rcnWK2nZc?chunked=false', 'number_of_tweets': 33211, 'bot': False, 'timestamp': 1658683838, 'has_nft_avatar': False, 'category': None, 'default_profile': True, 'default_profile_image': False, 'listed_count': 1927, 'verified_type': None}",zh,236,90,3,0,False,40806,1725334369,,,,,https://x.com/FinanceYF5/status/1830811159508799806/video/1,,"{'media': [{'display_url': 'pic.x.com/hjdyWdI0WE', 'expanded_url': 'https://x.com/FinanceYF5/status/1830811159508799806/video/1', 'id_str': '1830810211268837379', 'indices': [46, 69], 'media_key': '7_1830810211268837379', 'media_url_https': 'https://pbs.twimg.com/ext_tw_video_thumb/1830810211268837379/pu/img/jdvXOkfkZh8Ak9Q8.jpg', 'type': 'video', 'url': 'https://t.co/hjdyWdI0WE', 'additional_media_info': {'monetizable': False}, 'ext_media_availability': {'status': 'Available'}, 'sizes': {'large': {'h': 720, 'w': 1280, 'resize': 'fit'}, 'medium': {'h': 675, 'w': 1200, 'resize': 'fit'}, 'small': {'h': 383, 'w': 680, 'resize': 'fit'}, 'thumb': {'h': 150, 'w': 150, 'resize': 'crop'}}, 'original_info': {'height': 720, 'width': 1280, 'focus_rects': []}, 'video_info': {'aspect_ratio': [16, 9], 'duration_millis': 3072, 'variants': [{'content_type': 'application/x-mpegURL', 'url': 'https://video.twimg.com/ext_tw_video/1830810211268837379/pu/pl/0u7GiDtVUYSyICCf.m3u8?tag=12'}, {'bitrate': 256000, 'content_type': 'video/mp4', 'url': 'https://video.twimg.com/ext_tw_video/1830810211268837379/pu/vid/avc1/480x270/COqaZGpLFIRp5I_j.mp4?tag=12'}, {'bitrate': 832000, 'content_type': 'video/mp4', 'url': 'https://video.twimg.com/ext_tw_video/1830810211268837379/pu/vid/avc1/640x360/DNe2Y0CvHtO2uGs1.mp4?tag=12'}, {'bitrate': 2176000, 'content_type': 'video/mp4', 'url': 'https://video.twimg.com/ext_tw_video/1830810211268837379/pu/vid/avc1/1280x720/ExuSLGNUBuKsUgsi.mp4?tag=12'}]}}]}",1830811159508799806,,,311,Twitter Web App,
1840059896169148718,Sat Sep 28 16:04:00 +0000 2024,"My experience with Cursor.

""Write this code for me.""

Lookin good bro! Look at all this time saved!

Run it.

Wait... doesn't work. Wrong in subtle ways.

Spend more time debugging than if I wrote the code.

Who likes debugging more than writing?",[],,"{'creation_date': 'Mon Mar 19 16:01:45 +0000 2012', 'user_id': '529492776', 'username': 'davidnix_', 'name': 'David Nix', 'follower_count': 3180, 'following_count': 991, 'favourites_count': 49673, 'is_private': None, 'is_verified': False, 'is_blue_verified': True, 'location': '', 'profile_pic_url': 'https://pbs.twimg.com/profile_images/1737486447161081856/jI05IRKW_normal.jpg', 'profile_banner_url': 'https://pbs.twimg.com/profile_banners/529492776/1721084753', 'description': 'Software dev turning solopreneur. Go programmer. Domain enthusiast.\n\nWatch my failures and fumbles. \n\nBuilding @YourNextDomain and https://t.co/HzYLMl2MBu', 'external_url': 'http://BrighterBranding.com', 'number_of_tweets': 15900, 'bot': False, 'timestamp': 1332172905, 'has_nft_avatar': False, 'category': None, 'default_profile': True, 'default_profile_image': False, 'listed_count': 59, 'verified_type': None}",en,1789,67,254,42,False,196183,1727539440,,,,,,,,1840059896169148718,,,141,Typefully,
1615539968772050946,Wed Jan 18 02:41:58 +0000 2023,"Introducing Cursor!! (https://t.co/wT5wRe22O2)

A brand new IDE build from the ground up with LLMs. Watch us use Cursor to ship new features blazingly fast. https://t.co/9TqJRq67oJ",['https://pbs.twimg.com/ext_tw_video_thumb/1615536143289966592/pu/img/CDfOVxoOx9_qXKol.jpg'],"[{'content_type': 'application/x-mpegURL', 'url': 'https://video.twimg.com/ext_tw_video/1615536143289966592/pu/pl/87n40Htm0jhuCYz7.m3u8?tag=12'}, {'bitrate': 256000, 'content_type': 'video/mp4', 'url': 'https://video.twimg.com/ext_tw_video/1615536143289966592/pu/vid/480x270/i8aQ802cmr2d1VYu.mp4?tag=12'}, {'bitrate': 832000, 'content_type': 'video/mp4', 'url': 'https://video.twimg.com/ext_tw_video/1615536143289966592/pu/vid/640x360/i3FdwyZre_m9w9bY.mp4?tag=12'}, {'bitrate': 2176000, 'content_type': 'video/mp4', 'url': 'https://video.twimg.com/ext_tw_video/1615536143289966592/pu/vid/1280x720/lrFN9llLlapwd1A8.mp4?tag=12'}]","{'creation_date': 'Fri Apr 02 16:12:00 +0000 2021', 'user_id': '1378017343641640961', 'username': 'amanrsanger', 'name': 'Aman Sanger', 'follower_count': 39740, 'following_count': 707, 'favourites_count': 2420, 'is_private': None, 'is_verified': False, 'is_blue_verified': True, 'location': 'San Francisco, CA', 'profile_pic_url': 'https://pbs.twimg.com/profile_images/1407704462265704456/OiDRC7b-_normal.jpg', 'profile_banner_url': None, 'description': '@cursor_ai founder', 'external_url': 'http://amansanger.com', 'number_of_tweets': 989, 'bot': False, 'timestamp': 1617379920, 'has_nft_avatar': False, 'category': None, 'default_profile': True, 'default_profile_image': False, 'listed_count': 529, 'verified_type': None}",en,3059,347,114,114,False,874953,1674009718,,,,,https://x.com/amanrsanger/status/1615539968772050946/video/1,,"{'media': [{'display_url': 'pic.x.com/9TqJRq67oJ', 'expanded_url': 'https://x.com/amanrsanger/status/1615539968772050946/video/1', 'id_str': '1615536143289966592', 'indices': [157, 180], 'media_key': '7_1615536143289966592', 'media_url_https': 'https://pbs.twimg.com/ext_tw_video_thumb/1615536143289966592/pu/img/CDfOVxoOx9_qXKol.jpg', 'type': 'video', 'url': 'https://t.co/9TqJRq67oJ', 'additional_media_info': {'monetizable': False}, 'ext_media_availability': {'status': 'Available'}, 'sizes': {'large': {'h': 1080, 'w': 1920, 'resize': 'fit'}, 'medium': {'h': 675, 'w': 1200, 'resize': 'fit'}, 'small': {'h': 383, 'w': 680, 'resize': 'fit'}, 'thumb': {'h': 150, 'w': 150, 'resize': 'crop'}}, 'original_info': {'height': 1080, 'width': 1920, 'focus_rects': []}, 'video_info': {'aspect_ratio': [16, 9], 'duration_millis': 78845, 'variants': [{'content_type': 'application/x-mpegURL', 'url': 'https://video.twimg.com/ext_tw_video/1615536143289966592/pu/pl/87n40Htm0jhuCYz7.m3u8?tag=12'}, {'bitrate': 256000, 'content_type': 'video/mp4', 'url': 'https://video.twimg.com/ext_tw_video/1615536143289966592/pu/vid/480x270/i8aQ802cmr2d1VYu.mp4?tag=12'}, {'bitrate': 832000, 'content_type': 'video/mp4', 'url': 'https://video.twimg.com/ext_tw_video/1615536143289966592/pu/vid/640x360/i3FdwyZre_m9w9bY.mp4?tag=12'}, {'bitrate': 2176000, 'content_type': 'video/mp4', 'url': 'https://video.twimg.com/ext_tw_video/1615536143289966592/pu/vid/1280x720/lrFN9llLlapwd1A8.mp4?tag=12'}]}}]}",1615539968772050946,,,1249,Twitter Web App,
1834780577850876376,Sat Sep 14 02:25:52 +0000 2024,"‰∏Ä‰Ωç‰∏≠ÂõΩÂºÄÂèëËÄÖÂºÄÂèë‰∫Ü‰∏Ä‰∏™ÁΩëÁ´ôÔºöCursor101

ÈÄöËøáÊî∂ÈõÜÊïôÁ®ãÔºåÂ∏ÆÂä©Â§ßÂÆ∂Êõ¥Â•ΩÁöÑ‰ΩøÁî® Cursor

https://t.co/WU2ko7VpWn",[],,"{'creation_date': 'Sun Mar 17 08:33:53 +0000 2024', 'user_id': '1769280941888090112', 'username': 'BingxunYao', 'name': 'bingxun yao', 'follower_count': 6213, 'following_count': 418, 'favourites_count': 4201, 'is_private': None, 'is_verified': False, 'is_blue_verified': True, 'location': '', 'profile_pic_url': 'https://pbs.twimg.com/profile_images/1769281162026119168/Zkgz0mpn_normal.jpg', 'profile_banner_url': 'https://pbs.twimg.com/profile_banners/1769280941888090112/1713190832', 'description': 'Co-Founder & CMO at Nextify.\nüåç Ship to everywhere with OneClick: https://t.co/w4haAFOcgZ\nüöÄ Build with Saasfly: https://t.co/XKXdrfNdRT', 'external_url': 'https://oneclick.sh/', 'number_of_tweets': 3501, 'bot': False, 'timestamp': 1710664433, 'has_nft_avatar': False, 'category': None, 'default_profile': True, 'default_profile_image': False, 'listed_count': 0, 'verified_type': None}",zh,824,198,14,6,False,92575,1726280752,,,,,https://cursor101.com/zh,,,1834780577850876376,,,824,Twitter Web App,
1830811159508799806,Tue Sep 03 03:32:49 +0000 2024,"CursorËé∑ÂæóÂ§ßÈáèÂÖ≥Ê≥®Êâç‰ªÖ‰ªÖ‰∏ÄÂë®„ÄÇ

‰∫∫‰ª¨Êó†Ê≥ïÂÅúÊ≠¢‰ΩøÁî®ÂÆÉËøõË°åÂàõ‰Ωú„ÄÇ

10‰∏™ÁñØÁãÇÁöÑ‰æãÂ≠êÔºö https://t.co/hjdyWdI0WE",['https://pbs.twimg.com/ext_tw_video_thumb/1830810211268837379/pu/img/jdvXOkfkZh8Ak9Q8.jpg'],"[{'content_type': 'application/x-mpegURL', 'url': 'https://video.twimg.com/ext_tw_video/1830810211268837379/pu/pl/0u7GiDtVUYSyICCf.m3u8?tag=12'}, {'bitrate': 256000, 'content_type': 'video/mp4', 'url': 'https://video.twimg.com/ext_tw_video/1830810211268837379/pu/vid/avc1/480x270/COqaZGpLFIRp5I_j.mp4?tag=12'}, {'bitrate': 832000, 'content_type': 'video/mp4', 'url': 'https://video.twimg.com/ext_tw_video/1830810211268837379/pu/vid/avc1/640x360/DNe2Y0CvHtO2uGs1.mp4?tag=12'}, {'bitrate': 2176000, 'content_type': 'video/mp4', 'url': 'https://video.twimg.com/ext_tw_video/1830810211268837379/pu/vid/avc1/1280x720/ExuSLGNUBuKsUgsi.mp4?tag=12'}]","{'creation_date': 'Sun Jul 24 17:30:38 +0000 2022', 'user_id': '1551258526584115204', 'username': 'FinanceYF5', 'name': 'AI Will', 'follower_count': 173229, 'following_count': 1374, 'favourites_count': 4955, 'is_private': None, 'is_verified': False, 'is_blue_verified': True, 'location': '', 'profile_pic_url': 'https://pbs.twimg.com/profile_images/1896818103016935424/ucw3T2uW_normal.jpg', 'profile_banner_url': None, 'description': '10Âπ¥ÁªèÈ™åË°å‰∏öÂàÜÊûêÂ∏àÔºåGenAIÂ≠¶‰π†‰∏≠ÔºåLearn in public„ÄÇ\n@GPTDAOGLOBAL ÂàÜÊûêÂ∏à\n@PixVerse_ Â¢ûÈïøÈ°æÈóÆ', 'external_url': 'https://zw73xyquvv.feishu.cn/wiki/UH5QwtUWtis1gTk4R6rcnWK2nZc?chunked=false', 'number_of_tweets': 33211, 'bot': False, 'timestamp': 1658683838, 'has_nft_avatar': False, 'category': None, 'default_profile': True, 'default_profile_image': False, 'listed_count': 1927, 'verified_type': None}",zh,236,90,3,0,False,40806,1725334369,,,,,https://x.com/FinanceYF5/status/1830811159508799806/video/1,,"{'media': [{'display_url': 'pic.x.com/hjdyWdI0WE', 'expanded_url': 'https://x.com/FinanceYF5/status/1830811159508799806/video/1', 'id_str': '1830810211268837379', 'indices': [46, 69], 'media_key': '7_1830810211268837379', 'media_url_https': 'https://pbs.twimg.com/ext_tw_video_thumb/1830810211268837379/pu/img/jdvXOkfkZh8Ak9Q8.jpg', 'type': 'video', 'url': 'https://t.co/hjdyWdI0WE', 'additional_media_info': {'monetizable': False}, 'ext_media_availability': {'status': 'Available'}, 'sizes': {'large': {'h': 720, 'w': 1280, 'resize': 'fit'}, 'medium': {'h': 675, 'w': 1200, 'resize': 'fit'}, 'small': {'h': 383, 'w': 680, 'resize': 'fit'}, 'thumb': {'h': 150, 'w': 150, 'resize': 'crop'}}, 'original_info': {'height': 720, 'width': 1280, 'focus_rects': []}, 'video_info': {'aspect_ratio': [16, 9], 'duration_millis': 3072, 'variants': [{'content_type': 'application/x-mpegURL', 'url': 'https://video.twimg.com/ext_tw_video/1830810211268837379/pu/pl/0u7GiDtVUYSyICCf.m3u8?tag=12'}, {'bitrate': 256000, 'content_type': 'video/mp4', 'url': 'https://video.twimg.com/ext_tw_video/1830810211268837379/pu/vid/avc1/480x270/COqaZGpLFIRp5I_j.mp4?tag=12'}, {'bitrate': 832000, 'content_type': 'video/mp4', 'url': 'https://video.twimg.com/ext_tw_video/1830810211268837379/pu/vid/avc1/640x360/DNe2Y0CvHtO2uGs1.mp4?tag=12'}, {'bitrate': 2176000, 'content_type': 'video/mp4', 'url': 'https://video.twimg.com/ext_tw_video/1830810211268837379/pu/vid/avc1/1280x720/ExuSLGNUBuKsUgsi.mp4?tag=12'}]}}]}",1830811159508799806,,,311,Twitter Web App,
1861533909827400120,Tue Nov 26 22:14:04 +0000 2024,"2 Cursor Composer agents working together on the same project. 
one builds the project, the other reviews once the first agent is done and writes a report. 
cursor rules file is in comment to achieve this.

first agent is instructed to build the project
second agent is instructed to write a monitoring script to determine when the project is done then to review the project for errors and write a report

This prompt can be improved. This is meant as a baseline

If you are interested in learning how to use Cursor more in depth, I have a 28 chapter 1000x Cursor Course building full apps from scratch with 19 hours of content. link is in my bio if you are interested",['https://pbs.twimg.com/ext_tw_video_thumb/1861533199102590976/pu/img/JRzJwHdM1tIOdWp3.jpg'],"[{'content_type': 'application/x-mpegURL', 'url': 'https://video.twimg.com/ext_tw_video/1861533199102590976/pu/pl/U0DGcawnNILnHRm-.m3u8?tag=12&v=cfc'}, {'bitrate': 256000, 'content_type': 'video/mp4', 'url': 'https://video.twimg.com/ext_tw_video/1861533199102590976/pu/vid/avc1/480x270/edJRfKq8JlKMIM4_.mp4?tag=12'}, {'bitrate': 832000, 'content_type': 'video/mp4', 'url': 'https://video.twimg.com/ext_tw_video/1861533199102590976/pu/vid/avc1/640x360/O4u9y7vUywvRsnsg.mp4?tag=12'}, {'bitrate': 2176000, 'content_type': 'video/mp4', 'url': 'https://video.twimg.com/ext_tw_video/1861533199102590976/pu/vid/avc1/1280x720/gzuPOovOYBixdolQ.mp4?tag=12'}]","{'creation_date': 'Sun Jul 31 19:43:25 +0000 2022', 'user_id': '1553828550909648896', 'username': 'hive_echo', 'name': 'echo.hive', 'follower_count': 10386, 'following_count': 726, 'favourites_count': 13707, 'is_private': None, 'is_verified': False, 'is_blue_verified': True, 'location': '', 'profile_pic_url': 'https://pbs.twimg.com/profile_images/1616334784992800770/urBZlGqT_normal.jpg', 'profile_banner_url': 'https://pbs.twimg.com/profile_banners/1553828550909648896/1728876101', 'description': 'üü£1000x Cursor course: https://t.co/OLYeQtnhHN üü¢Prompt Challenge: https://t.co/tdbZxEy53M üî¥ Open Source: https://t.co/Ejak3wFwyy', 'external_url': 'https://tinyurl.com/LearnCursor', 'number_of_tweets': 9793, 'bot': False, 'timestamp': 1659296605, 'has_nft_avatar': False, 'category': None, 'default_profile': True, 'default_profile_image': False, 'listed_count': 186, 'verified_type': None}",en,771,75,24,11,False,147107,1732659244,,,,,https://x.com/hive_echo/status/1861533909827400120/video/1,,"{'media': [{'display_url': 'pic.x.com/iR6Xsr5JpS', 'expanded_url': 'https://x.com/hive_echo/status/1861533909827400120/video/1', 'id_str': '1861533199102590976', 'indices': [281, 304], 'media_key': '7_1861533199102590976', 'media_url_https': 'https://pbs.twimg.com/ext_tw_video_thumb/1861533199102590976/pu/img/JRzJwHdM1tIOdWp3.jpg', 'type': 'video', 'url': 'https://t.co/iR6Xsr5JpS', 'additional_media_info': {'monetizable': False}, 'ext_media_availability': {'status': 'Available'}, 'sizes': {'large': {'h': 1080, 'w': 1920, 'resize': 'fit'}, 'medium': {'h': 675, 'w': 1200, 'resize': 'fit'}, 'small': {'h': 383, 'w': 680, 'resize': 'fit'}, 'thumb': {'h': 150, 'w': 150, 'resize': 'crop'}}, 'original_info': {'height': 1080, 'width': 1920, 'focus_rects': []}, 'video_info': {'aspect_ratio': [16, 9], 'duration_millis': 19633, 'variants': [{'content_type': 'application/x-mpegURL', 'url': 'https://video.twimg.com/ext_tw_video/1861533199102590976/pu/pl/U0DGcawnNILnHRm-.m3u8?tag=12&v=cfc'}, {'bitrate': 256000, 'content_type': 'video/mp4', 'url': 'https://video.twimg.com/ext_tw_video/1861533199102590976/pu/vid/avc1/480x270/edJRfKq8JlKMIM4_.mp4?tag=12'}, {'bitrate': 832000, 'content_type': 'video/mp4', 'url': 'https://video.twimg.com/ext_tw_video/1861533199102590976/pu/vid/avc1/640x360/O4u9y7vUywvRsnsg.mp4?tag=12'}, {'bitrate': 2176000, 'content_type': 'video/mp4', 'url': 'https://video.twimg.com/ext_tw_video/1861533199102590976/pu/vid/avc1/1280x720/gzuPOovOYBixdolQ.mp4?tag=12'}]}}]}",1861533909827400120,,,1504,Twitter Web App,
